path,label,speaker,split
data/audio_ptbr/processed/bfamcv01_segment163_neutral.wav,neutral,bfamcv01,test
data/audio_ptbr/processed/bfamcv01_segment168_non-neutral-male.wav,non_neutral,bfamcv01,test
data/audio_ptbr/processed/bfamcv01_segment170_non-neutral-male.wav,non_neutral,bfamcv01,test
data/audio_ptbr/processed/bfamcv01_segment173_neutral.wav,neutral,bfamcv01,test
data/audio_ptbr/processed/bfamcv01_segment177_neutral.wav,neutral,bfamcv01,test
data/audio_ptbr/processed/bfamcv01_segment181_neutral.wav,neutral,bfamcv01,test
data/audio_ptbr/processed/bfamcv01_segment184_neutral.wav,neutral,bfamcv01,test
data/audio_ptbr/processed/bfamcv01_segment191_non-neutral-male.wav,non_neutral,bfamcv01,test
data/audio_ptbr/processed/bfamcv01_segment194_neutral.wav,neutral,bfamcv01,test
data/audio_ptbr/processed/bfamcv01_segment195_neutral.wav,neutral,bfamcv01,test
data/audio_ptbr/processed/bfamcv01_segment200_non-neutral-male.wav,non_neutral,bfamcv01,test
data/audio_ptbr/processed/bfamcv05_segment172_neutral.wav,neutral,bfamcv05,test
data/audio_ptbr/processed/bfamcv05_segment200_neutral.wav,neutral,bfamcv05,test
data/audio_ptbr/processed/bfamcv05_segment271_non-neutral-male.wav,non_neutral,bfamcv05,test
data/audio_ptbr/processed/bfamcv05_segment338_neutral.wav,neutral,bfamcv05,test
data/audio_ptbr/processed/bfamcv05_segment361_neutral.wav,neutral,bfamcv05,test
data/audio_ptbr/processed/bfamcv14_segment188_neutral.wav,neutral,bfamcv14,test
data/audio_ptbr/processed/bfamcv14_segment192_neutral.wav,neutral,bfamcv14,test
data/audio_ptbr/processed/bfamcv14_segment197_non-neutral-female.wav,non_neutral,bfamcv14,test
data/audio_ptbr/processed/bfamcv14_segment199_neutral.wav,neutral,bfamcv14,test
data/audio_ptbr/processed/bfamcv14_segment200_neutral.wav,neutral,bfamcv14,test
data/audio_ptbr/processed/bfamcv16_segment270_neutral.wav,neutral,bfamcv16,test
data/audio_ptbr/processed/bfamcv16_segment273_neutral.wav,neutral,bfamcv16,test
data/audio_ptbr/processed/bfamcv16_segment279_non-neutral-male.wav,non_neutral,bfamcv16,test
data/audio_ptbr/processed/bfamcv16_segment285_neutral.wav,neutral,bfamcv16,test
data/audio_ptbr/processed/bfamcv16_segment287_neutral.wav,neutral,bfamcv16,test
data/audio_ptbr/processed/bfamcv22_segment267_neutral.wav,neutral,bfamcv22,test
data/audio_ptbr/processed/bfamcv22_segment272_neutral.wav,neutral,bfamcv22,test
data/audio_ptbr/processed/bfamcv22_segment273_non-neutral-female.wav,non_neutral,bfamcv22,test
data/audio_ptbr/processed/bfamcv22_segment276_neutral.wav,neutral,bfamcv22,test
data/audio_ptbr/processed/bfamcv22_segment283_neutral.wav,neutral,bfamcv22,test
data/audio_ptbr/processed/bfamcv27_segment213_neutral.wav,neutral,bfamcv27,test
data/audio_ptbr/processed/bfamcv27_segment241_neutral.wav,neutral,bfamcv27,test
data/audio_ptbr/processed/bfamcv27_segment248_non-neutral-female.wav,non_neutral,bfamcv27,test
data/audio_ptbr/processed/bfamcv27_segment251_neutral.wav,neutral,bfamcv27,test
data/audio_ptbr/processed/bfamcv27_segment254_neutral.wav,neutral,bfamcv27,test
data/audio_ptbr/processed/bfamdl18_segment320_neutral.wav,neutral,bfamdl18,test
data/audio_ptbr/processed/bfamdl18_segment321_neutral.wav,neutral,bfamdl18,test
data/audio_ptbr/processed/bfamdl18_segment327_non-neutral-female.wav,non_neutral,bfamdl18,test
data/audio_ptbr/processed/bfamdl18_segment328_neutral.wav,neutral,bfamdl18,test
data/audio_ptbr/processed/bfamdl18_segment334_neutral.wav,neutral,bfamdl18,test
data/audio_ptbr/processed/bfamdl31_segment567_neutral.wav,neutral,bfamdl31,test
data/audio_ptbr/processed/bfamdl31_segment568_neutral.wav,neutral,bfamdl31,test
data/audio_ptbr/processed/bfamdl31_segment571_non-neutral-male.wav,non_neutral,bfamdl31,test
data/audio_ptbr/processed/bfamdl31_segment577_neutral.wav,neutral,bfamdl31,test
data/audio_ptbr/processed/bfamdl31_segment580_neutral.wav,neutral,bfamdl31,test
data/audio_ptbr/processed/bfamdl31_segment702_neutral.wav,neutral,bfamdl31,test
data/audio_ptbr/processed/bfamdl31_segment703_neutral.wav,neutral,bfamdl31,test
data/audio_ptbr/processed/bfamdl31_segment707_non-neutral-male.wav,non_neutral,bfamdl31,test
data/audio_ptbr/processed/bfamdl31_segment708_neutral.wav,neutral,bfamdl31,test
data/audio_ptbr/processed/bfamdl31_segment709_neutral.wav,neutral,bfamdl31,test
data/audio_ptbr/processed/bfammn12_segment196_neutral.wav,neutral,bfammn12,test
data/audio_ptbr/processed/bfammn12_segment200_neutral.wav,neutral,bfammn12,test
data/audio_ptbr/processed/bfammn12_segment203_non-neutral-male.wav,non_neutral,bfammn12,test
data/audio_ptbr/processed/bfammn12_segment205_neutral.wav,neutral,bfammn12,test
data/audio_ptbr/processed/bfammn12_segment206_neutral.wav,neutral,bfammn12,test
data/audio_ptbr/processed/bpubcv06_segment140_neutral.wav,neutral,bpubcv06,test
data/audio_ptbr/processed/bpubcv06_segment142_neutral.wav,neutral,bpubcv06,test
data/audio_ptbr/processed/bpubcv06_segment146_non-neutral-female.wav,non_neutral,bpubcv06,test
data/audio_ptbr/processed/bpubcv06_segment147_neutral.wav,neutral,bpubcv06,test
data/audio_ptbr/processed/bpubcv06_segment152_non-neutral-female.wav,non_neutral,bpubcv06,test
data/audio_ptbr/processed/bpubcv06_segment154_non-neutral-female.wav,non_neutral,bpubcv06,test
data/audio_ptbr/processed/bpubcv06_segment156_neutral.wav,neutral,bpubcv06,test
data/audio_ptbr/processed/bpubcv06_segment160_neutral.wav,neutral,bpubcv06,test
data/audio_ptbr/processed/bpubcv06_segment162_neutral.wav,neutral,bpubcv06,test
data/audio_ptbr/processed/bpubcv06_segment223_neutral.wav,neutral,bpubcv06,test
data/audio_ptbr/processed/bpubcv06_segment224_neutral.wav,neutral,bpubcv06,test
data/audio_ptbr/processed/bpubcv06_segment225_non-neutral-female.wav,non_neutral,bpubcv06,test
data/audio_ptbr/processed/bpubcv06_segment232_neutral.wav,neutral,bpubcv06,test
data/audio_ptbr/processed/bpubcv08_segment136_neutral.wav,neutral,bpubcv08,test
data/audio_ptbr/processed/bpubcv08_segment148_neutral.wav,neutral,bpubcv08,test
data/audio_ptbr/processed/bpubcv08_segment152_neutral.wav,neutral,bpubcv08,test
data/audio_ptbr/processed/bpubdl11_segment164_neutral.wav,neutral,bpubdl11,test
data/audio_ptbr/processed/bpubdl11_segment177_neutral.wav,neutral,bpubdl11,test
data/audio_ptbr/processed/bpubdl11_segment178_non-neutral-female.wav,non_neutral,bpubdl11,test
data/audio_ptbr/processed/bpubdl11_segment185_neutral.wav,neutral,bpubdl11,test
data/audio_ptbr/processed/bpubdl11_segment187_neutral.wav,neutral,bpubdl11,test
data/audio_ptbr/processed/bpubdl11_segment188_neutral.wav,neutral,bpubdl11,test
data/audio_ptbr/processed/bpubdl11_segment190_non-neutral-female.wav,non_neutral,bpubdl11,test
data/audio_ptbr/processed/bpubdl11_segment192_neutral.wav,neutral,bpubdl11,test
data/audio_ptbr/processed/bpubdl11_segment194_neutral.wav,neutral,bpubdl11,test
data/audio_ptbr/processed/bpubdl11_segment197_neutral.wav,neutral,bpubdl11,test
data/audio_ptbr/processed/bpubdl11_segment202_neutral.wav,neutral,bpubdl11,test
data/audio_ptbr/processed/bpubdl11_segment207_non-neutral-female.wav,non_neutral,bpubdl11,test
data/audio_ptbr/processed/bpubdl11_segment208_neutral.wav,neutral,bpubdl11,test
data/audio_ptbr/processed/bpubdl11_segment209_neutral.wav,neutral,bpubdl11,test
data/audio_ptbr/processed/bpubdl11_segment320_neutral.wav,neutral,bpubdl11,test
data/audio_ptbr/processed/bpubdl11_segment322_neutral.wav,neutral,bpubdl11,test
data/audio_ptbr/processed/bpubdl11_segment326_non-neutral-female.wav,non_neutral,bpubdl11,test
data/audio_ptbr/processed/bpubdl11_segment331_neutral.wav,neutral,bpubdl11,test
data/audio_ptbr/processed/bpubdl11_segment334_neutral.wav,neutral,bpubdl11,test
data/audio_ptbr/processed/bpubdl11_segment364_neutral.wav,neutral,bpubdl11,test
data/audio_ptbr/processed/bpubdl11_segment367_neutral.wav,neutral,bpubdl11,test
data/audio_ptbr/processed/bpubdl11_segment368_neutral.wav,neutral,bpubdl11,test
data/audio_ptbr/processed/bpubdl11_segment369_non-neutral-female.wav,non_neutral,bpubdl11,test
data/audio_ptbr/processed/bpubdl11_segment375_non-neutral-female.wav,non_neutral,bpubdl11,test
data/audio_ptbr/processed/bpubdl11_segment378_neutral.wav,neutral,bpubdl11,test
data/audio_ptbr/processed/bpubdl11_segment380_neutral.wav,neutral,bpubdl11,test
data/audio_ptbr/processed/bpubmn10_segment81_neutral.wav,neutral,bpubmn10,test
data/audio_ptbr/processed/bpubmn10_segment82_neutral.wav,neutral,bpubmn10,test
data/audio_ptbr/processed/bpubmn10_segment83_neutral.wav,neutral,bpubmn10,test
data/audio_ptbr/processed/bfamcv03_segment212_neutral.wav,neutral,bfamcv03,train
data/audio_ptbr/processed/bfamcv03_segment217_neutral.wav,neutral,bfamcv03,train
data/audio_ptbr/processed/bfamcv03_segment227_non-neutral-male.wav,non_neutral,bfamcv03,train
data/audio_ptbr/processed/bfamcv03_segment232_neutral.wav,neutral,bfamcv03,train
data/audio_ptbr/processed/bfamcv03_segment253_neutral.wav,neutral,bfamcv03,train
data/audio_ptbr/processed/bfamcv04_segment103_neutral.wav,neutral,bfamcv04,train
data/audio_ptbr/processed/bfamcv04_segment131_non-neutral-female.wav,non_neutral,bfamcv04,train
data/audio_ptbr/processed/bfamcv04_segment140_neutral.wav,neutral,bfamcv04,train
data/audio_ptbr/processed/bfamcv04_segment145_neutral.wav,neutral,bfamcv04,train
data/audio_ptbr/processed/bfamcv04_segment149_neutral.wav,neutral,bfamcv04,train
data/audio_ptbr/processed/bfamcv04_segment153_neutral.wav,neutral,bfamcv04,train
data/audio_ptbr/processed/bfamcv04_segment161_non-neutral-female.wav,non_neutral,bfamcv04,train
data/audio_ptbr/processed/bfamcv04_segment187_neutral.wav,neutral,bfamcv04,train
data/audio_ptbr/processed/bfamcv04_segment203_neutral.wav,neutral,bfamcv04,train
data/audio_ptbr/processed/bfamcv04_segment358_neutral.wav,neutral,bfamcv04,train
data/audio_ptbr/processed/bfamcv04_segment372_neutral.wav,neutral,bfamcv04,train
data/audio_ptbr/processed/bfamcv04_segment401_non-neutral-female.wav,non_neutral,bfamcv04,train
data/audio_ptbr/processed/bfamcv04_segment421_neutral.wav,neutral,bfamcv04,train
data/audio_ptbr/processed/bfamcv04_segment423_neutral.wav,neutral,bfamcv04,train
data/audio_ptbr/processed/bfamcv04_segment431_neutral.wav,neutral,bfamcv04,train
data/audio_ptbr/processed/bfamcv04_segment453_neutral.wav,neutral,bfamcv04,train
data/audio_ptbr/processed/bfamcv04_segment457_non-neutral-female.wav,non_neutral,bfamcv04,train
data/audio_ptbr/processed/bfamcv04_segment471_neutral.wav,neutral,bfamcv04,train
data/audio_ptbr/processed/bfamcv04_segment485_neutral.wav,neutral,bfamcv04,train
data/audio_ptbr/processed/bfamcv04_segment99_neutral.wav,neutral,bfamcv04,train
data/audio_ptbr/processed/bfamcv07_segment190_neutral.wav,neutral,bfamcv07,train
data/audio_ptbr/processed/bfamcv07_segment192_neutral.wav,neutral,bfamcv07,train
data/audio_ptbr/processed/bfamcv07_segment195_non-neutral-male.wav,non_neutral,bfamcv07,train
data/audio_ptbr/processed/bfamcv07_segment198_neutral.wav,neutral,bfamcv07,train
data/audio_ptbr/processed/bfamcv07_segment200_neutral.wav,neutral,bfamcv07,train
data/audio_ptbr/processed/bfamcv09_segment113_neutral.wav,neutral,bfamcv09,train
data/audio_ptbr/processed/bfamcv09_segment114_neutral.wav,neutral,bfamcv09,train
data/audio_ptbr/processed/bfamcv09_segment118_non-neutral-male.wav,non_neutral,bfamcv09,train
data/audio_ptbr/processed/bfamcv09_segment122_neutral.wav,neutral,bfamcv09,train
data/audio_ptbr/processed/bfamcv09_segment135_neutral.wav,neutral,bfamcv09,train
data/audio_ptbr/processed/bfamcv09_segment388_neutral.wav,neutral,bfamcv09,train
data/audio_ptbr/processed/bfamcv09_segment394_neutral.wav,neutral,bfamcv09,train
data/audio_ptbr/processed/bfamcv09_segment395_non-neutral-female.wav,non_neutral,bfamcv09,train
data/audio_ptbr/processed/bfamcv09_segment396_neutral.wav,neutral,bfamcv09,train
data/audio_ptbr/processed/bfamcv09_segment399_neutral.wav,neutral,bfamcv09,train
data/audio_ptbr/processed/bfamcv11_segment338_neutral.wav,neutral,bfamcv11,train
data/audio_ptbr/processed/bfamcv11_segment339_neutral.wav,neutral,bfamcv11,train
data/audio_ptbr/processed/bfamcv11_segment356_neutral.wav,neutral,bfamcv11,train
data/audio_ptbr/processed/bfamcv11_segment357_neutral.wav,neutral,bfamcv11,train
data/audio_ptbr/processed/bfamcv12_segment100_neutral.wav,neutral,bfamcv12,train
data/audio_ptbr/processed/bfamcv12_segment314_neutral.wav,neutral,bfamcv12,train
data/audio_ptbr/processed/bfamcv12_segment315_neutral.wav,neutral,bfamcv12,train
data/audio_ptbr/processed/bfamcv12_segment317_non-neutral-male.wav,non_neutral,bfamcv12,train
data/audio_ptbr/processed/bfamcv12_segment318_neutral.wav,neutral,bfamcv12,train
data/audio_ptbr/processed/bfamcv12_segment320_neutral.wav,neutral,bfamcv12,train
data/audio_ptbr/processed/bfamcv12_segment94_neutral.wav,neutral,bfamcv12,train
data/audio_ptbr/processed/bfamcv12_segment95_neutral.wav,neutral,bfamcv12,train
data/audio_ptbr/processed/bfamcv12_segment96_non-neutral-female.wav,non_neutral,bfamcv12,train
data/audio_ptbr/processed/bfamcv12_segment97_neutral.wav,neutral,bfamcv12,train
data/audio_ptbr/processed/bfamcv15_segment204_neutral.wav,neutral,bfamcv15,train
data/audio_ptbr/processed/bfamcv15_segment207_neutral.wav,neutral,bfamcv15,train
data/audio_ptbr/processed/bfamcv15_segment226_non-neutral-female.wav,non_neutral,bfamcv15,train
data/audio_ptbr/processed/bfamcv15_segment233_neutral.wav,neutral,bfamcv15,train
data/audio_ptbr/processed/bfamcv15_segment239_neutral.wav,neutral,bfamcv15,train
data/audio_ptbr/processed/bfamcv15_segment385_neutral.wav,neutral,bfamcv15,train
data/audio_ptbr/processed/bfamcv15_segment387_neutral.wav,neutral,bfamcv15,train
data/audio_ptbr/processed/bfamcv15_segment391_non-neutral-female.wav,non_neutral,bfamcv15,train
data/audio_ptbr/processed/bfamcv15_segment403_neutral.wav,neutral,bfamcv15,train
data/audio_ptbr/processed/bfamcv15_segment420_neutral.wav,neutral,bfamcv15,train
data/audio_ptbr/processed/bfamcv19_segment131_neutral.wav,neutral,bfamcv19,train
data/audio_ptbr/processed/bfamcv19_segment135_neutral.wav,neutral,bfamcv19,train
data/audio_ptbr/processed/bfamcv19_segment136_non-neutral-female.wav,non_neutral,bfamcv19,train
data/audio_ptbr/processed/bfamcv19_segment137_neutral.wav,neutral,bfamcv19,train
data/audio_ptbr/processed/bfamcv19_segment143_neutral.wav,neutral,bfamcv19,train
data/audio_ptbr/processed/bfamcv19_segment204_neutral.wav,neutral,bfamcv19,train
data/audio_ptbr/processed/bfamcv19_segment206_neutral.wav,neutral,bfamcv19,train
data/audio_ptbr/processed/bfamcv19_segment207_non-neutral-female.wav,non_neutral,bfamcv19,train
data/audio_ptbr/processed/bfamcv19_segment208_neutral.wav,neutral,bfamcv19,train
data/audio_ptbr/processed/bfamcv19_segment209_neutral.wav,neutral,bfamcv19,train
data/audio_ptbr/processed/bfamcv19_segment248_neutral.wav,neutral,bfamcv19,train
data/audio_ptbr/processed/bfamcv19_segment250_neutral.wav,neutral,bfamcv19,train
data/audio_ptbr/processed/bfamcv19_segment251_non-neutral-female.wav,non_neutral,bfamcv19,train
data/audio_ptbr/processed/bfamcv19_segment267_neutral.wav,neutral,bfamcv19,train
data/audio_ptbr/processed/bfamcv19_segment269_neutral.wav,neutral,bfamcv19,train
data/audio_ptbr/processed/bfamcv19_segment278_neutral.wav,neutral,bfamcv19,train
data/audio_ptbr/processed/bfamcv19_segment279_neutral.wav,neutral,bfamcv19,train
data/audio_ptbr/processed/bfamcv19_segment299_non-neutral-female.wav,non_neutral,bfamcv19,train
data/audio_ptbr/processed/bfamcv19_segment303_neutral.wav,neutral,bfamcv19,train
data/audio_ptbr/processed/bfamcv19_segment307_neutral.wav,neutral,bfamcv19,train
data/audio_ptbr/processed/bfamcv21_segment162_neutral.wav,neutral,bfamcv21,train
data/audio_ptbr/processed/bfamcv21_segment167_neutral.wav,neutral,bfamcv21,train
data/audio_ptbr/processed/bfamcv21_segment171_non-neutral-female.wav,non_neutral,bfamcv21,train
data/audio_ptbr/processed/bfamcv21_segment190_neutral.wav,neutral,bfamcv21,train
data/audio_ptbr/processed/bfamcv21_segment208_neutral.wav,neutral,bfamcv21,train
data/audio_ptbr/processed/bfamcv21_segment268_neutral.wav,neutral,bfamcv21,train
data/audio_ptbr/processed/bfamcv21_segment297_non-neutral-male.wav,non_neutral,bfamcv21,train
data/audio_ptbr/processed/bfamcv21_segment305_neutral.wav,neutral,bfamcv21,train
data/audio_ptbr/processed/bfamcv21_segment306_neutral.wav,neutral,bfamcv21,train
data/audio_ptbr/processed/bfamcv23_segment100_neutral.wav,neutral,bfamcv23,train
data/audio_ptbr/processed/bfamcv23_segment103_neutral.wav,neutral,bfamcv23,train
data/audio_ptbr/processed/bfamcv23_segment87_neutral.wav,neutral,bfamcv23,train
data/audio_ptbr/processed/bfamcv23_segment94_neutral.wav,neutral,bfamcv23,train
data/audio_ptbr/processed/bfamcv23_segment97_non-neutral-male.wav,non_neutral,bfamcv23,train
data/audio_ptbr/processed/bfamcv24_segment226_neutral.wav,neutral,bfamcv24,train
data/audio_ptbr/processed/bfamcv24_segment241_neutral.wav,neutral,bfamcv24,train
data/audio_ptbr/processed/bfamcv24_segment246_non-neutral-male.wav,non_neutral,bfamcv24,train
data/audio_ptbr/processed/bfamcv24_segment249_neutral.wav,neutral,bfamcv24,train
data/audio_ptbr/processed/bfamcv24_segment253_neutral.wav,neutral,bfamcv24,train
data/audio_ptbr/processed/bfamcv24_segment256_neutral.wav,neutral,bfamcv24,train
data/audio_ptbr/processed/bfamcv24_segment258_neutral.wav,neutral,bfamcv24,train
data/audio_ptbr/processed/bfamcv24_segment265_non-neutral-female.wav,non_neutral,bfamcv24,train
data/audio_ptbr/processed/bfamcv24_segment269_neutral.wav,neutral,bfamcv24,train
data/audio_ptbr/processed/bfamcv24_segment272_neutral.wav,neutral,bfamcv24,train
data/audio_ptbr/processed/bfamcv26_segment203_neutral.wav,neutral,bfamcv26,train
data/audio_ptbr/processed/bfamcv26_segment204_neutral.wav,neutral,bfamcv26,train
data/audio_ptbr/processed/bfamcv26_segment206_non-neutral-female.wav,non_neutral,bfamcv26,train
data/audio_ptbr/processed/bfamcv26_segment228_neutral.wav,neutral,bfamcv26,train
data/audio_ptbr/processed/bfamcv26_segment230_neutral.wav,neutral,bfamcv26,train
data/audio_ptbr/processed/bfamcv26_segment264_neutral.wav,neutral,bfamcv26,train
data/audio_ptbr/processed/bfamcv26_segment268_neutral.wav,neutral,bfamcv26,train
data/audio_ptbr/processed/bfamcv26_segment271_non-neutral-female.wav,non_neutral,bfamcv26,train
data/audio_ptbr/processed/bfamcv26_segment274_neutral.wav,neutral,bfamcv26,train
data/audio_ptbr/processed/bfamcv26_segment278_neutral.wav,neutral,bfamcv26,train
data/audio_ptbr/processed/bfamcv26_segment283_neutral.wav,neutral,bfamcv26,train
data/audio_ptbr/processed/bfamcv26_segment284_neutral.wav,neutral,bfamcv26,train
data/audio_ptbr/processed/bfamcv26_segment290_non-neutral-male.wav,non_neutral,bfamcv26,train
data/audio_ptbr/processed/bfamcv26_segment292_neutral.wav,neutral,bfamcv26,train
data/audio_ptbr/processed/bfamcv28_segment218_neutral.wav,neutral,bfamcv28,train
data/audio_ptbr/processed/bfamcv28_segment220_neutral.wav,neutral,bfamcv28,train
data/audio_ptbr/processed/bfamcv28_segment225_non-neutral-female.wav,non_neutral,bfamcv28,train
data/audio_ptbr/processed/bfamcv28_segment229_neutral.wav,neutral,bfamcv28,train
data/audio_ptbr/processed/bfamcv28_segment234_neutral.wav,neutral,bfamcv28,train
data/audio_ptbr/processed/bfamcv28_segment238_neutral.wav,neutral,bfamcv28,train
data/audio_ptbr/processed/bfamcv28_segment240_neutral.wav,neutral,bfamcv28,train
data/audio_ptbr/processed/bfamcv28_segment242_non-neutral-female.wav,non_neutral,bfamcv28,train
data/audio_ptbr/processed/bfamcv28_segment243_neutral.wav,neutral,bfamcv28,train
data/audio_ptbr/processed/bfamcv28_segment247_neutral.wav,neutral,bfamcv28,train
data/audio_ptbr/processed/bfamcv28_segment328_neutral.wav,neutral,bfamcv28,train
data/audio_ptbr/processed/bfamcv28_segment329_neutral.wav,neutral,bfamcv28,train
data/audio_ptbr/processed/bfamcv28_segment331_non-neutral-female.wav,non_neutral,bfamcv28,train
data/audio_ptbr/processed/bfamcv28_segment335_neutral.wav,neutral,bfamcv28,train
data/audio_ptbr/processed/bfamcv28_segment336_neutral.wav,neutral,bfamcv28,train
data/audio_ptbr/processed/bfamcv32_segment229_neutral.wav,neutral,bfamcv32,train
data/audio_ptbr/processed/bfamcv32_segment231_neutral.wav,neutral,bfamcv32,train
data/audio_ptbr/processed/bfamcv32_segment239_non-neutral-female.wav,non_neutral,bfamcv32,train
data/audio_ptbr/processed/bfamcv32_segment244_neutral.wav,neutral,bfamcv32,train
data/audio_ptbr/processed/bfamcv32_segment251_neutral.wav,neutral,bfamcv32,train
data/audio_ptbr/processed/bfamdl02_segment188_neutral.wav,neutral,bfamdl02,train
data/audio_ptbr/processed/bfamdl02_segment190_neutral.wav,neutral,bfamdl02,train
data/audio_ptbr/processed/bfamdl02_segment193_non-neutral-male.wav,non_neutral,bfamdl02,train
data/audio_ptbr/processed/bfamdl02_segment197_neutral.wav,neutral,bfamdl02,train
data/audio_ptbr/processed/bfamdl02_segment202_neutral.wav,neutral,bfamdl02,train
data/audio_ptbr/processed/bfamdl03_segment113_neutral.wav,neutral,bfamdl03,train
data/audio_ptbr/processed/bfamdl03_segment114_neutral.wav,neutral,bfamdl03,train
data/audio_ptbr/processed/bfamdl03_segment115_non-neutral-female.wav,non_neutral,bfamdl03,train
data/audio_ptbr/processed/bfamdl03_segment120_neutral.wav,neutral,bfamdl03,train
data/audio_ptbr/processed/bfamdl03_segment124_neutral.wav,neutral,bfamdl03,train
data/audio_ptbr/processed/bfamdl05_segment384_neutral.wav,neutral,bfamdl05,train
data/audio_ptbr/processed/bfamdl05_segment391_neutral.wav,neutral,bfamdl05,train
data/audio_ptbr/processed/bfamdl05_segment396_non-neutral-male.wav,non_neutral,bfamdl05,train
data/audio_ptbr/processed/bfamdl05_segment410_neutral.wav,neutral,bfamdl05,train
data/audio_ptbr/processed/bfamdl05_segment412_neutral.wav,neutral,bfamdl05,train
data/audio_ptbr/processed/bfamdl08_segment239_neutral.wav,neutral,bfamdl08,train
data/audio_ptbr/processed/bfamdl08_segment248_neutral.wav,neutral,bfamdl08,train
data/audio_ptbr/processed/bfamdl08_segment256_non-neutral-male.wav,non_neutral,bfamdl08,train
data/audio_ptbr/processed/bfamdl08_segment260_neutral.wav,neutral,bfamdl08,train
data/audio_ptbr/processed/bfamdl09_segment182_neutral.wav,neutral,bfamdl09,train
data/audio_ptbr/processed/bfamdl09_segment183_neutral.wav,neutral,bfamdl09,train
data/audio_ptbr/processed/bfamdl09_segment187_non-neutral-male.wav,non_neutral,bfamdl09,train
data/audio_ptbr/processed/bfamdl09_segment189_neutral.wav,neutral,bfamdl09,train
data/audio_ptbr/processed/bfamdl09_segment191_neutral.wav,neutral,bfamdl09,train
data/audio_ptbr/processed/bfamdl09_segment421_neutral.wav,neutral,bfamdl09,train
data/audio_ptbr/processed/bfamdl09_segment422_neutral.wav,neutral,bfamdl09,train
data/audio_ptbr/processed/bfamdl09_segment423_non-neutral-male.wav,non_neutral,bfamdl09,train
data/audio_ptbr/processed/bfamdl09_segment426_neutral.wav,neutral,bfamdl09,train
data/audio_ptbr/processed/bfamdl09_segment429_neutral.wav,neutral,bfamdl09,train
data/audio_ptbr/processed/bfamdl09_segment513_neutral.wav,neutral,bfamdl09,train
data/audio_ptbr/processed/bfamdl09_segment514_neutral.wav,neutral,bfamdl09,train
data/audio_ptbr/processed/bfamdl09_segment521_non-neutral-male.wav,non_neutral,bfamdl09,train
data/audio_ptbr/processed/bfamdl09_segment522_neutral.wav,neutral,bfamdl09,train
data/audio_ptbr/processed/bfamdl09_segment529_neutral.wav,neutral,bfamdl09,train
data/audio_ptbr/processed/bfamdl13_segment211_neutral.wav,neutral,bfamdl13,train
data/audio_ptbr/processed/bfamdl13_segment220_neutral.wav,neutral,bfamdl13,train
data/audio_ptbr/processed/bfamdl13_segment222_non-neutral-female.wav,non_neutral,bfamdl13,train
data/audio_ptbr/processed/bfamdl13_segment226_neutral.wav,neutral,bfamdl13,train
data/audio_ptbr/processed/bfamdl13_segment229_neutral.wav,neutral,bfamdl13,train
data/audio_ptbr/processed/bfamdl15_segment123_neutral.wav,neutral,bfamdl15,train
data/audio_ptbr/processed/bfamdl15_segment124_neutral.wav,neutral,bfamdl15,train
data/audio_ptbr/processed/bfamdl15_segment125_non-neutral-female.wav,non_neutral,bfamdl15,train
data/audio_ptbr/processed/bfamdl15_segment127_neutral.wav,neutral,bfamdl15,train
data/audio_ptbr/processed/bfamdl15_segment130_neutral.wav,neutral,bfamdl15,train
data/audio_ptbr/processed/bfamdl15_segment172_neutral.wav,neutral,bfamdl15,train
data/audio_ptbr/processed/bfamdl15_segment173_neutral.wav,neutral,bfamdl15,train
data/audio_ptbr/processed/bfamdl15_segment181_non-neutral-female.wav,non_neutral,bfamdl15,train
data/audio_ptbr/processed/bfamdl15_segment183_neutral.wav,neutral,bfamdl15,train
data/audio_ptbr/processed/bfamdl15_segment187_neutral.wav,neutral,bfamdl15,train
data/audio_ptbr/processed/bfamdl16_segment368_neutral.wav,neutral,bfamdl16,train
data/audio_ptbr/processed/bfamdl16_segment371_neutral.wav,neutral,bfamdl16,train
data/audio_ptbr/processed/bfamdl16_segment374_non-neutral-female.wav,non_neutral,bfamdl16,train
data/audio_ptbr/processed/bfamdl16_segment378_neutral.wav,neutral,bfamdl16,train
data/audio_ptbr/processed/bfamdl16_segment380_neutral.wav,neutral,bfamdl16,train
data/audio_ptbr/processed/bfamdl21_segment211_neutral.wav,neutral,bfamdl21,train
data/audio_ptbr/processed/bfamdl21_segment214_neutral.wav,neutral,bfamdl21,train
data/audio_ptbr/processed/bfamdl21_segment217_non-neutral-female.wav,non_neutral,bfamdl21,train
data/audio_ptbr/processed/bfamdl21_segment219_neutral.wav,neutral,bfamdl21,train
data/audio_ptbr/processed/bfamdl21_segment221_neutral.wav,neutral,bfamdl21,train
data/audio_ptbr/processed/bfamdl21_segment267_neutral.wav,neutral,bfamdl21,train
data/audio_ptbr/processed/bfamdl21_segment271_neutral.wav,neutral,bfamdl21,train
data/audio_ptbr/processed/bfamdl21_segment274_non-neutral-male.wav,non_neutral,bfamdl21,train
data/audio_ptbr/processed/bfamdl21_segment276_neutral.wav,neutral,bfamdl21,train
data/audio_ptbr/processed/bfamdl21_segment278_neutral.wav,neutral,bfamdl21,train
data/audio_ptbr/processed/bfamdl21_segment284_neutral.wav,neutral,bfamdl21,train
data/audio_ptbr/processed/bfamdl21_segment289_neutral.wav,neutral,bfamdl21,train
data/audio_ptbr/processed/bfamdl21_segment292_non-neutral-male.wav,non_neutral,bfamdl21,train
data/audio_ptbr/processed/bfamdl21_segment293_neutral.wav,neutral,bfamdl21,train
data/audio_ptbr/processed/bfamdl21_segment294_neutral.wav,neutral,bfamdl21,train
data/audio_ptbr/processed/bfamdl24_segment147_neutral.wav,neutral,bfamdl24,train
data/audio_ptbr/processed/bfamdl24_segment148_neutral.wav,neutral,bfamdl24,train
data/audio_ptbr/processed/bfamdl24_segment150_non-neutral-male.wav,non_neutral,bfamdl24,train
data/audio_ptbr/processed/bfamdl24_segment152_neutral.wav,neutral,bfamdl24,train
data/audio_ptbr/processed/bfamdl24_segment156_neutral.wav,neutral,bfamdl24,train
data/audio_ptbr/processed/bfamdl24_segment274_neutral.wav,neutral,bfamdl24,train
data/audio_ptbr/processed/bfamdl24_segment278_neutral.wav,neutral,bfamdl24,train
data/audio_ptbr/processed/bfamdl24_segment283_non-neutral-male.wav,non_neutral,bfamdl24,train
data/audio_ptbr/processed/bfamdl24_segment286_neutral.wav,neutral,bfamdl24,train
data/audio_ptbr/processed/bfamdl24_segment289_neutral.wav,neutral,bfamdl24,train
data/audio_ptbr/processed/bfamdl29_segment124_neutral.wav,neutral,bfamdl29,train
data/audio_ptbr/processed/bfamdl29_segment127_neutral.wav,neutral,bfamdl29,train
data/audio_ptbr/processed/bfamdl29_segment130_non-neutral-female.wav,non_neutral,bfamdl29,train
data/audio_ptbr/processed/bfamdl29_segment132_neutral.wav,neutral,bfamdl29,train
data/audio_ptbr/processed/bfamdl29_segment151_neutral.wav,neutral,bfamdl29,train
data/audio_ptbr/processed/bfamdl29_segment184_neutral.wav,neutral,bfamdl29,train
data/audio_ptbr/processed/bfamdl29_segment186_neutral.wav,neutral,bfamdl29,train
data/audio_ptbr/processed/bfamdl29_segment188_non-neutral-male.wav,non_neutral,bfamdl29,train
data/audio_ptbr/processed/bfamdl29_segment190_neutral.wav,neutral,bfamdl29,train
data/audio_ptbr/processed/bfamdl29_segment193_neutral.wav,neutral,bfamdl29,train
data/audio_ptbr/processed/bfamdl32_segment268_neutral.wav,neutral,bfamdl32,train
data/audio_ptbr/processed/bfamdl32_segment271_neutral.wav,neutral,bfamdl32,train
data/audio_ptbr/processed/bfamdl32_segment272_non-neutral-female.wav,non_neutral,bfamdl32,train
data/audio_ptbr/processed/bfamdl32_segment283_neutral.wav,neutral,bfamdl32,train
data/audio_ptbr/processed/bfamdl32_segment287_neutral.wav,neutral,bfamdl32,train
data/audio_ptbr/processed/bfammn02_segment105_neutral.wav,neutral,bfammn02,train
data/audio_ptbr/processed/bfammn02_segment106_neutral.wav,neutral,bfammn02,train
data/audio_ptbr/processed/bfammn02_segment109_non-neutral-female.wav,non_neutral,bfammn02,train
data/audio_ptbr/processed/bfammn02_segment122_neutral.wav,neutral,bfammn02,train
data/audio_ptbr/processed/bfammn02_segment124_neutral.wav,neutral,bfammn02,train
data/audio_ptbr/processed/bfammn02_segment82_neutral.wav,neutral,bfammn02,train
data/audio_ptbr/processed/bfammn02_segment88_neutral.wav,neutral,bfammn02,train
data/audio_ptbr/processed/bfammn02_segment90_non-neutral-female.wav,non_neutral,bfammn02,train
data/audio_ptbr/processed/bfammn02_segment96_neutral.wav,neutral,bfammn02,train
data/audio_ptbr/processed/bfammn02_segment99_neutral.wav,neutral,bfammn02,train
data/audio_ptbr/processed/bfammn03_segment131_neutral.wav,neutral,bfammn03,train
data/audio_ptbr/processed/bfammn03_segment132_neutral.wav,neutral,bfammn03,train
data/audio_ptbr/processed/bfammn03_segment135_non-neutral-male.wav,non_neutral,bfammn03,train
data/audio_ptbr/processed/bfammn03_segment136_neutral.wav,neutral,bfammn03,train
data/audio_ptbr/processed/bfammn03_segment142_neutral.wav,neutral,bfammn03,train
data/audio_ptbr/processed/bfammn03_segment143_neutral.wav,neutral,bfammn03,train
data/audio_ptbr/processed/bfammn03_segment144_non-neutral-male.wav,non_neutral,bfammn03,train
data/audio_ptbr/processed/bfammn03_segment150_neutral.wav,neutral,bfammn03,train
data/audio_ptbr/processed/bfammn03_segment151_neutral.wav,neutral,bfammn03,train
data/audio_ptbr/processed/bfammn03_segment153_neutral.wav,neutral,bfammn03,train
data/audio_ptbr/processed/bfammn03_segment207_neutral.wav,neutral,bfammn03,train
data/audio_ptbr/processed/bfammn03_segment209_neutral.wav,neutral,bfammn03,train
data/audio_ptbr/processed/bfammn03_segment211_non-neutral-male.wav,non_neutral,bfammn03,train
data/audio_ptbr/processed/bfammn03_segment215_neutral.wav,neutral,bfammn03,train
data/audio_ptbr/processed/bfammn03_segment218_neutral.wav,neutral,bfammn03,train
data/audio_ptbr/processed/bfammn03_segment90_neutral.wav,neutral,bfammn03,train
data/audio_ptbr/processed/bfammn03_segment91_neutral.wav,neutral,bfammn03,train
data/audio_ptbr/processed/bfammn03_segment92_non-neutral-male.wav,non_neutral,bfammn03,train
data/audio_ptbr/processed/bfammn03_segment95_neutral.wav,neutral,bfammn03,train
data/audio_ptbr/processed/bfammn03_segment98_neutral.wav,neutral,bfammn03,train
data/audio_ptbr/processed/bfammn08_segment227_neutral.wav,neutral,bfammn08,train
data/audio_ptbr/processed/bfammn08_segment230_neutral.wav,neutral,bfammn08,train
data/audio_ptbr/processed/bfammn08_segment231_non-neutral-female.wav,non_neutral,bfammn08,train
data/audio_ptbr/processed/bfammn08_segment233_neutral.wav,neutral,bfammn08,train
data/audio_ptbr/processed/bfammn08_segment235_neutral.wav,neutral,bfammn08,train
data/audio_ptbr/processed/bfammn10_segment137_neutral.wav,neutral,bfammn10,train
data/audio_ptbr/processed/bfammn10_segment140_neutral.wav,neutral,bfammn10,train
data/audio_ptbr/processed/bfammn10_segment146_non-neutral-male.wav,non_neutral,bfammn10,train
data/audio_ptbr/processed/bfammn10_segment149_neutral.wav,neutral,bfammn10,train
data/audio_ptbr/processed/bfammn10_segment155_neutral.wav,neutral,bfammn10,train
data/audio_ptbr/processed/bfammn10_segment187_neutral.wav,neutral,bfammn10,train
data/audio_ptbr/processed/bfammn10_segment189_neutral.wav,neutral,bfammn10,train
data/audio_ptbr/processed/bfammn10_segment196_non-neutral-male.wav,non_neutral,bfammn10,train
data/audio_ptbr/processed/bfammn10_segment211_non-neutral-male.wav,non_neutral,bfammn10,train
data/audio_ptbr/processed/bfammn10_segment213_neutral.wav,neutral,bfammn10,train
data/audio_ptbr/processed/bfammn10_segment214_neutral.wav,neutral,bfammn10,train
data/audio_ptbr/processed/bfammn10_segment219_neutral.wav,neutral,bfammn10,train
data/audio_ptbr/processed/bfammn10_segment230_neutral.wav,neutral,bfammn10,train
data/audio_ptbr/processed/bfammn10_segment272_neutral.wav,neutral,bfammn10,train
data/audio_ptbr/processed/bfammn10_segment273_neutral.wav,neutral,bfammn10,train
data/audio_ptbr/processed/bfammn10_segment274_non-neutral-male.wav,non_neutral,bfammn10,train
data/audio_ptbr/processed/bfammn10_segment275_neutral.wav,neutral,bfammn10,train
data/audio_ptbr/processed/bfammn10_segment281_neutral.wav,neutral,bfammn10,train
data/audio_ptbr/processed/bfammn14_segment148_neutral.wav,neutral,bfammn14,train
data/audio_ptbr/processed/bfammn14_segment158_neutral.wav,neutral,bfammn14,train
data/audio_ptbr/processed/bfammn14_segment159_non-neutral-female.wav,non_neutral,bfammn14,train
data/audio_ptbr/processed/bfammn14_segment162_neutral.wav,neutral,bfammn14,train
data/audio_ptbr/processed/bfammn14_segment163_neutral.wav,neutral,bfammn14,train
data/audio_ptbr/processed/bfammn14_segment178_neutral.wav,neutral,bfammn14,train
data/audio_ptbr/processed/bfammn14_segment182_neutral.wav,neutral,bfammn14,train
data/audio_ptbr/processed/bfammn14_segment183_non-neutral-female.wav,non_neutral,bfammn14,train
data/audio_ptbr/processed/bfammn14_segment188_neutral.wav,neutral,bfammn14,train
data/audio_ptbr/processed/bfammn14_segment193_neutral.wav,neutral,bfammn14,train
data/audio_ptbr/processed/bfammn14_segment648_neutral.wav,neutral,bfammn14,train
data/audio_ptbr/processed/bfammn14_segment649_neutral.wav,neutral,bfammn14,train
data/audio_ptbr/processed/bfammn14_segment650_non-neutral-female.wav,non_neutral,bfammn14,train
data/audio_ptbr/processed/bfammn14_segment654_neutral.wav,neutral,bfammn14,train
data/audio_ptbr/processed/bfammn14_segment656_neutral.wav,neutral,bfammn14,train
data/audio_ptbr/processed/bfammn16_segment107_non-neutral-male.wav,non_neutral,bfammn16,train
data/audio_ptbr/processed/bfammn16_segment110_neutral.wav,neutral,bfammn16,train
data/audio_ptbr/processed/bfammn16_segment115_neutral.wav,neutral,bfammn16,train
data/audio_ptbr/processed/bfammn16_segment123_neutral.wav,neutral,bfammn16,train
data/audio_ptbr/processed/bfammn16_segment126_neutral.wav,neutral,bfammn16,train
data/audio_ptbr/processed/bfammn16_segment129_non-neutral-female.wav,non_neutral,bfammn16,train
data/audio_ptbr/processed/bfammn16_segment130_neutral.wav,neutral,bfammn16,train
data/audio_ptbr/processed/bfammn16_segment132_neutral.wav,neutral,bfammn16,train
data/audio_ptbr/processed/bfammn16_segment232_neutral.wav,neutral,bfammn16,train
data/audio_ptbr/processed/bfammn16_segment235_neutral.wav,neutral,bfammn16,train
data/audio_ptbr/processed/bfammn16_segment240_neutral.wav,neutral,bfammn16,train
data/audio_ptbr/processed/bfammn16_segment254_neutral.wav,neutral,bfammn16,train
data/audio_ptbr/processed/bfammn16_segment257_non-neutral-female.wav,non_neutral,bfammn16,train
data/audio_ptbr/processed/bfammn16_segment258_non-neutral-female.wav,non_neutral,bfammn16,train
data/audio_ptbr/processed/bfammn16_segment264_neutral.wav,neutral,bfammn16,train
data/audio_ptbr/processed/bfammn16_segment268_neutral.wav,neutral,bfammn16,train
data/audio_ptbr/processed/bfammn16_segment274_neutral.wav,neutral,bfammn16,train
data/audio_ptbr/processed/bfammn16_segment95_neutral.wav,neutral,bfammn16,train
data/audio_ptbr/processed/bfammn16_segment99_neutral.wav,neutral,bfammn16,train
data/audio_ptbr/processed/bfammn17_segment104_neutral.wav,neutral,bfammn17,train
data/audio_ptbr/processed/bfammn17_segment105_neutral.wav,neutral,bfammn17,train
data/audio_ptbr/processed/bfammn17_segment107_non-neutral-female.wav,non_neutral,bfammn17,train
data/audio_ptbr/processed/bfammn17_segment108_neutral.wav,neutral,bfammn17,train
data/audio_ptbr/processed/bfammn17_segment109_neutral.wav,neutral,bfammn17,train
data/audio_ptbr/processed/bfammn17_segment136_neutral.wav,neutral,bfammn17,train
data/audio_ptbr/processed/bfammn17_segment137_neutral.wav,neutral,bfammn17,train
data/audio_ptbr/processed/bfammn17_segment138_non-neutral-female.wav,non_neutral,bfammn17,train
data/audio_ptbr/processed/bfammn17_segment139_neutral.wav,neutral,bfammn17,train
data/audio_ptbr/processed/bfammn17_segment140_neutral.wav,neutral,bfammn17,train
data/audio_ptbr/processed/bfammn17_segment142_neutral.wav,neutral,bfammn17,train
data/audio_ptbr/processed/bfammn17_segment143_neutral.wav,neutral,bfammn17,train
data/audio_ptbr/processed/bfammn17_segment154_non-neutral-female.wav,non_neutral,bfammn17,train
data/audio_ptbr/processed/bfammn17_segment155_neutral.wav,neutral,bfammn17,train
data/audio_ptbr/processed/bfammn17_segment156_neutral.wav,neutral,bfammn17,train
data/audio_ptbr/processed/bfammn18_segment107_non-neutral-female.wav,non_neutral,bfammn18,train
data/audio_ptbr/processed/bfammn18_segment110_neutral.wav,neutral,bfammn18,train
data/audio_ptbr/processed/bfammn18_segment111_neutral.wav,neutral,bfammn18,train
data/audio_ptbr/processed/bfammn18_segment98_neutral.wav,neutral,bfammn18,train
data/audio_ptbr/processed/bfammn18_segment99_neutral.wav,neutral,bfammn18,train
data/audio_ptbr/processed/bfammn21_segment79_neutral.wav,neutral,bfammn21,train
data/audio_ptbr/processed/bfammn21_segment81_neutral.wav,neutral,bfammn21,train
data/audio_ptbr/processed/bfammn21_segment82_neutral.wav,neutral,bfammn21,train
data/audio_ptbr/processed/bfammn21_segment83_neutral.wav,neutral,bfammn21,train
data/audio_ptbr/processed/bfammn21_segment84_neutral.wav,neutral,bfammn21,train
data/audio_ptbr/processed/bfammn21_segment85_neutral.wav,neutral,bfammn21,train
data/audio_ptbr/processed/bfammn21_segment93_non-neutral-male.wav,non_neutral,bfammn21,train
data/audio_ptbr/processed/bfammn21_segment94_non-neutral-male.wav,non_neutral,bfammn21,train
data/audio_ptbr/processed/bfammn22_segment158_neutral.wav,neutral,bfammn22,train
data/audio_ptbr/processed/bfammn22_segment159_neutral.wav,neutral,bfammn22,train
data/audio_ptbr/processed/bfammn22_segment161_non-neutral-female.wav,non_neutral,bfammn22,train
data/audio_ptbr/processed/bfammn22_segment162_neutral.wav,neutral,bfammn22,train
data/audio_ptbr/processed/bfammn22_segment163_neutral.wav,neutral,bfammn22,train
data/audio_ptbr/processed/bfammn22_segment170_neutral.wav,neutral,bfammn22,train
data/audio_ptbr/processed/bfammn22_segment172_neutral.wav,neutral,bfammn22,train
data/audio_ptbr/processed/bfammn22_segment177_non-neutral-female.wav,non_neutral,bfammn22,train
data/audio_ptbr/processed/bfammn22_segment180_neutral.wav,neutral,bfammn22,train
data/audio_ptbr/processed/bfammn22_segment184_neutral.wav,neutral,bfammn22,train
data/audio_ptbr/processed/bfammn22_segment190_neutral.wav,neutral,bfammn22,train
data/audio_ptbr/processed/bfammn22_segment191_neutral.wav,neutral,bfammn22,train
data/audio_ptbr/processed/bfammn22_segment193_non-neutral-female.wav,non_neutral,bfammn22,train
data/audio_ptbr/processed/bfammn22_segment202_neutral.wav,neutral,bfammn22,train
data/audio_ptbr/processed/bfammn22_segment203_neutral.wav,neutral,bfammn22,train
data/audio_ptbr/processed/bfammn22_segment208_neutral.wav,neutral,bfammn22,train
data/audio_ptbr/processed/bfammn22_segment209_neutral.wav,neutral,bfammn22,train
data/audio_ptbr/processed/bfammn22_segment210_neutral.wav,neutral,bfammn22,train
data/audio_ptbr/processed/bfammn26_segment140_neutral.wav,neutral,bfammn26,train
data/audio_ptbr/processed/bfammn26_segment141_neutral.wav,neutral,bfammn26,train
data/audio_ptbr/processed/bfammn26_segment142_neutral.wav,neutral,bfammn26,train
data/audio_ptbr/processed/bfammn26_segment144_neutral.wav,neutral,bfammn26,train
data/audio_ptbr/processed/bfammn26_segment145_non-neutral-female.wav,non_neutral,bfammn26,train
data/audio_ptbr/processed/bfammn26_segment83_neutral.wav,neutral,bfammn26,train
data/audio_ptbr/processed/bfammn26_segment88_non-neutral-female.wav,non_neutral,bfammn26,train
data/audio_ptbr/processed/bfammn26_segment90_neutral.wav,neutral,bfammn26,train
data/audio_ptbr/processed/bfammn26_segment93_neutral.wav,neutral,bfammn26,train
data/audio_ptbr/processed/bfammn26_segment94_neutral.wav,neutral,bfammn26,train
data/audio_ptbr/processed/bfammn27_segment274_neutral.wav,neutral,bfammn27,train
data/audio_ptbr/processed/bfammn27_segment275_neutral.wav,neutral,bfammn27,train
data/audio_ptbr/processed/bfammn27_segment276_non-neutral-male.wav,non_neutral,bfammn27,train
data/audio_ptbr/processed/bfammn27_segment277_neutral.wav,neutral,bfammn27,train
data/audio_ptbr/processed/bfammn27_segment279_neutral.wav,neutral,bfammn27,train
data/audio_ptbr/processed/bfammn32_segment131_neutral.wav,neutral,bfammn32,train
data/audio_ptbr/processed/bfammn32_segment135_neutral.wav,neutral,bfammn32,train
data/audio_ptbr/processed/bfammn32_segment136_non-neutral-female.wav,non_neutral,bfammn32,train
data/audio_ptbr/processed/bfammn32_segment139_neutral.wav,neutral,bfammn32,train
data/audio_ptbr/processed/bfammn32_segment140_neutral.wav,neutral,bfammn32,train
data/audio_ptbr/processed/bfammn33_segment276_neutral.wav,neutral,bfammn33,train
data/audio_ptbr/processed/bfammn33_segment277_neutral.wav,neutral,bfammn33,train
data/audio_ptbr/processed/bfammn33_segment281_non-neutral-male.wav,non_neutral,bfammn33,train
data/audio_ptbr/processed/bfammn33_segment283_neutral.wav,neutral,bfammn33,train
data/audio_ptbr/processed/bfammn33_segment287_neutral.wav,neutral,bfammn33,train
data/audio_ptbr/processed/bfammn36_segment102_neutral.wav,neutral,bfammn36,train
data/audio_ptbr/processed/bfammn36_segment104_neutral.wav,neutral,bfammn36,train
data/audio_ptbr/processed/bfammn36_segment106_neutral.wav,neutral,bfammn36,train
data/audio_ptbr/processed/bfammn36_segment107_non-neutral-female.wav,non_neutral,bfammn36,train
data/audio_ptbr/processed/bfammn36_segment108_neutral.wav,neutral,bfammn36,train
data/audio_ptbr/processed/bpubcv01_segment117_neutral.wav,neutral,bpubcv01,train
data/audio_ptbr/processed/bpubcv01_segment121_neutral.wav,neutral,bpubcv01,train
data/audio_ptbr/processed/bpubcv01_segment136_non-neutral-female.wav,non_neutral,bpubcv01,train
data/audio_ptbr/processed/bpubcv01_segment137_neutral.wav,neutral,bpubcv01,train
data/audio_ptbr/processed/bpubcv01_segment138_non-neutral-female.wav,non_neutral,bpubcv01,train
data/audio_ptbr/processed/bpubcv01_segment146_neutral.wav,neutral,bpubcv01,train
data/audio_ptbr/processed/bpubcv01_segment154_neutral.wav,neutral,bpubcv01,train
data/audio_ptbr/processed/bpubcv01_segment159_neutral.wav,neutral,bpubcv01,train
data/audio_ptbr/processed/bpubcv01_segment172_neutral.wav,neutral,bpubcv01,train
data/audio_ptbr/processed/bpubcv01_segment176_neutral.wav,neutral,bpubcv01,train
data/audio_ptbr/processed/bpubcv01_segment184_non-neutral-female.wav,non_neutral,bpubcv01,train
data/audio_ptbr/processed/bpubcv01_segment187_neutral.wav,neutral,bpubcv01,train
data/audio_ptbr/processed/bpubcv01_segment188_neutral.wav,neutral,bpubcv01,train
data/audio_ptbr/processed/bpubcv01_segment196_neutral.wav,neutral,bpubcv01,train
data/audio_ptbr/processed/bpubcv01_segment199_non-neutral-male.wav,non_neutral,bpubcv01,train
data/audio_ptbr/processed/bpubcv01_segment200_neutral.wav,neutral,bpubcv01,train
data/audio_ptbr/processed/bpubcv01_segment201_neutral.wav,neutral,bpubcv01,train
data/audio_ptbr/processed/bpubcv01_segment203_neutral.wav,neutral,bpubcv01,train
data/audio_ptbr/processed/bpubcv01_segment206_neutral.wav,neutral,bpubcv01,train
data/audio_ptbr/processed/bpubcv01_segment208_non-neutral-female.wav,non_neutral,bpubcv01,train
data/audio_ptbr/processed/bpubcv01_segment209_neutral.wav,neutral,bpubcv01,train
data/audio_ptbr/processed/bpubcv01_segment215_non-neutral-male.wav,non_neutral,bpubcv01,train
data/audio_ptbr/processed/bpubcv01_segment224_neutral.wav,neutral,bpubcv01,train
data/audio_ptbr/processed/bpubcv01_segment230_neutral.wav,neutral,bpubcv01,train
data/audio_ptbr/processed/bpubcv01_segment291_neutral.wav,neutral,bpubcv01,train
data/audio_ptbr/processed/bpubcv01_segment292_neutral.wav,neutral,bpubcv01,train
data/audio_ptbr/processed/bpubcv01_segment294_non-neutral-male.wav,non_neutral,bpubcv01,train
data/audio_ptbr/processed/bpubcv01_segment296_non-neutral-female.wav,non_neutral,bpubcv01,train
data/audio_ptbr/processed/bpubcv01_segment300_neutral.wav,neutral,bpubcv01,train
data/audio_ptbr/processed/bpubcv01_segment303_neutral.wav,neutral,bpubcv01,train
data/audio_ptbr/processed/bpubcv01_segment306_neutral.wav,neutral,bpubcv01,train
data/audio_ptbr/processed/bpubcv02_segment103_neutral.wav,neutral,bpubcv02,train
data/audio_ptbr/processed/bpubcv02_segment120_neutral.wav,neutral,bpubcv02,train
data/audio_ptbr/processed/bpubcv02_segment121_neutral.wav,neutral,bpubcv02,train
data/audio_ptbr/processed/bpubcv02_segment171_neutral.wav,neutral,bpubcv02,train
data/audio_ptbr/processed/bpubcv02_segment174_neutral.wav,neutral,bpubcv02,train
data/audio_ptbr/processed/bpubcv02_segment176_non-neutral-male.wav,non_neutral,bpubcv02,train
data/audio_ptbr/processed/bpubcv02_segment182_neutral.wav,neutral,bpubcv02,train
data/audio_ptbr/processed/bpubcv02_segment190_neutral.wav,neutral,bpubcv02,train
data/audio_ptbr/processed/bpubcv02_segment99_neutral.wav,neutral,bpubcv02,train
data/audio_ptbr/processed/bpubcv04_segment159_neutral.wav,neutral,bpubcv04,train
data/audio_ptbr/processed/bpubcv04_segment162_neutral.wav,neutral,bpubcv04,train
data/audio_ptbr/processed/bpubcv04_segment166_non-neutral-female.wav,non_neutral,bpubcv04,train
data/audio_ptbr/processed/bpubcv04_segment168_neutral.wav,neutral,bpubcv04,train
data/audio_ptbr/processed/bpubcv04_segment169_neutral.wav,neutral,bpubcv04,train
data/audio_ptbr/processed/bpubcv04_segment177_neutral.wav,neutral,bpubcv04,train
data/audio_ptbr/processed/bpubcv04_segment178_non-neutral-male.wav,non_neutral,bpubcv04,train
data/audio_ptbr/processed/bpubcv04_segment179_neutral.wav,neutral,bpubcv04,train
data/audio_ptbr/processed/bpubcv04_segment188_neutral.wav,neutral,bpubcv04,train
data/audio_ptbr/processed/bpubcv04_segment200_neutral.wav,neutral,bpubcv04,train
data/audio_ptbr/processed/bpubcv04_segment203_neutral.wav,neutral,bpubcv04,train
data/audio_ptbr/processed/bpubcv04_segment208_non-neutral-male.wav,non_neutral,bpubcv04,train
data/audio_ptbr/processed/bpubcv04_segment214_neutral.wav,neutral,bpubcv04,train
data/audio_ptbr/processed/bpubcv04_segment216_neutral.wav,neutral,bpubcv04,train
data/audio_ptbr/processed/bpubcv05_segment119_neutral.wav,neutral,bpubcv05,train
data/audio_ptbr/processed/bpubcv05_segment120_neutral.wav,neutral,bpubcv05,train
data/audio_ptbr/processed/bpubcv05_segment123_non-neutral-male.wav,non_neutral,bpubcv05,train
data/audio_ptbr/processed/bpubcv05_segment124_neutral.wav,neutral,bpubcv05,train
data/audio_ptbr/processed/bpubcv05_segment125_neutral.wav,neutral,bpubcv05,train
data/audio_ptbr/processed/bpubcv05_segment241_neutral.wav,neutral,bpubcv05,train
data/audio_ptbr/processed/bpubcv05_segment243_neutral.wav,neutral,bpubcv05,train
data/audio_ptbr/processed/bpubcv05_segment245_non-neutral-male.wav,non_neutral,bpubcv05,train
data/audio_ptbr/processed/bpubcv05_segment247_neutral.wav,neutral,bpubcv05,train
data/audio_ptbr/processed/bpubcv05_segment249_neutral.wav,neutral,bpubcv05,train
data/audio_ptbr/processed/bpubcv07_segment189_neutral.wav,neutral,bpubcv07,train
data/audio_ptbr/processed/bpubcv07_segment193_neutral.wav,neutral,bpubcv07,train
data/audio_ptbr/processed/bpubcv07_segment194_non-neutral-male.wav,non_neutral,bpubcv07,train
data/audio_ptbr/processed/bpubcv07_segment208_neutral.wav,neutral,bpubcv07,train
data/audio_ptbr/processed/bpubcv07_segment274_neutral.wav,neutral,bpubcv07,train
data/audio_ptbr/processed/bpubcv07_segment280_neutral.wav,neutral,bpubcv07,train
data/audio_ptbr/processed/bpubcv07_segment285_non-neutral-male.wav,non_neutral,bpubcv07,train
data/audio_ptbr/processed/bpubcv07_segment289_neutral.wav,neutral,bpubcv07,train
data/audio_ptbr/processed/bpubcv07_segment298_neutral.wav,neutral,bpubcv07,train
data/audio_ptbr/processed/bpubcv07_segment386_neutral.wav,neutral,bpubcv07,train
data/audio_ptbr/processed/bpubcv07_segment394_neutral.wav,neutral,bpubcv07,train
data/audio_ptbr/processed/bpubcv07_segment397_non-neutral-male.wav,non_neutral,bpubcv07,train
data/audio_ptbr/processed/bpubcv07_segment401_neutral.wav,neutral,bpubcv07,train
data/audio_ptbr/processed/bpubcv07_segment402_neutral.wav,neutral,bpubcv07,train
data/audio_ptbr/processed/bpubcv09_segment195_neutral.wav,neutral,bpubcv09,train
data/audio_ptbr/processed/bpubcv09_segment218_neutral.wav,neutral,bpubcv09,train
data/audio_ptbr/processed/bpubcv09_segment223_non-neutral-female.wav,non_neutral,bpubcv09,train
data/audio_ptbr/processed/bpubcv09_segment225_non-neutral-female.wav,non_neutral,bpubcv09,train
data/audio_ptbr/processed/bpubcv09_segment231_non-neutral-female.wav,non_neutral,bpubcv09,train
data/audio_ptbr/processed/bpubcv09_segment241_neutral.wav,neutral,bpubcv09,train
data/audio_ptbr/processed/bpubcv09_segment245_neutral.wav,neutral,bpubcv09,train
data/audio_ptbr/processed/bpubcv09_segment278_neutral.wav,neutral,bpubcv09,train
data/audio_ptbr/processed/bpubcv09_segment282_neutral.wav,neutral,bpubcv09,train
data/audio_ptbr/processed/bpubcv09_segment363_neutral.wav,neutral,bpubcv09,train
data/audio_ptbr/processed/bpubcv09_segment379_neutral.wav,neutral,bpubcv09,train
data/audio_ptbr/processed/bpubcv09_segment395_non-neutral-female.wav,non_neutral,bpubcv09,train
data/audio_ptbr/processed/bpubcv09_segment397_non-neutral-female.wav,non_neutral,bpubcv09,train
data/audio_ptbr/processed/bpubcv09_segment400_neutral.wav,neutral,bpubcv09,train
data/audio_ptbr/processed/bpubcv09_segment406_non-neutral-female.wav,non_neutral,bpubcv09,train
data/audio_ptbr/processed/bpubcv09_segment427_non-neutral-female.wav,non_neutral,bpubcv09,train
data/audio_ptbr/processed/bpubcv09_segment437_neutral.wav,neutral,bpubcv09,train
data/audio_ptbr/processed/bpubcv09_segment485_neutral.wav,neutral,bpubcv09,train
data/audio_ptbr/processed/bpubcv09_segment496_non-neutral-female.wav,non_neutral,bpubcv09,train
data/audio_ptbr/processed/bpubcv09_segment499_non-neutral-female.wav,non_neutral,bpubcv09,train
data/audio_ptbr/processed/bpubcv09_segment528_neutral.wav,neutral,bpubcv09,train
data/audio_ptbr/processed/bpubcv09_segment531_neutral.wav,neutral,bpubcv09,train
data/audio_ptbr/processed/bpubcv09_segment538_neutral.wav,neutral,bpubcv09,train
data/audio_ptbr/processed/bpubcv09_segment543_neutral.wav,neutral,bpubcv09,train
data/audio_ptbr/processed/bpubcv09_segment544_neutral.wav,neutral,bpubcv09,train
data/audio_ptbr/processed/bpubcv09_segment557_non-neutral-female.wav,non_neutral,bpubcv09,train
data/audio_ptbr/processed/bpubcv09_segment558_neutral.wav,neutral,bpubcv09,train
data/audio_ptbr/processed/bpubcv09_segment566_neutral.wav,neutral,bpubcv09,train
data/audio_ptbr/processed/bpubdl01_segment230_neutral.wav,neutral,bpubdl01,train
data/audio_ptbr/processed/bpubdl01_segment232_neutral.wav,neutral,bpubdl01,train
data/audio_ptbr/processed/bpubdl01_segment233_neutral.wav,neutral,bpubdl01,train
data/audio_ptbr/processed/bpubdl01_segment237_neutral.wav,neutral,bpubdl01,train
data/audio_ptbr/processed/bpubdl01_segment238_neutral.wav,neutral,bpubdl01,train
data/audio_ptbr/processed/bpubdl01_segment240_neutral.wav,neutral,bpubdl01,train
data/audio_ptbr/processed/bpubdl01_segment328_neutral.wav,neutral,bpubdl01,train
data/audio_ptbr/processed/bpubdl01_segment329_neutral.wav,neutral,bpubdl01,train
data/audio_ptbr/processed/bpubdl01_segment330_non-neutral-male.wav,non_neutral,bpubdl01,train
data/audio_ptbr/processed/bpubdl01_segment332_neutral.wav,neutral,bpubdl01,train
data/audio_ptbr/processed/bpubdl01_segment333_neutral.wav,neutral,bpubdl01,train
data/audio_ptbr/processed/bpubdl02_segment217_neutral.wav,neutral,bpubdl02,train
data/audio_ptbr/processed/bpubdl02_segment222_neutral.wav,neutral,bpubdl02,train
data/audio_ptbr/processed/bpubdl02_segment223_non-neutral-male.wav,non_neutral,bpubdl02,train
data/audio_ptbr/processed/bpubdl02_segment233_neutral.wav,neutral,bpubdl02,train
data/audio_ptbr/processed/bpubdl02_segment234_neutral.wav,neutral,bpubdl02,train
data/audio_ptbr/processed/bpubdl02_segment244_neutral.wav,neutral,bpubdl02,train
data/audio_ptbr/processed/bpubdl02_segment247_non-neutral-male.wav,non_neutral,bpubdl02,train
data/audio_ptbr/processed/bpubdl02_segment252_neutral.wav,neutral,bpubdl02,train
data/audio_ptbr/processed/bpubdl03_segment438_neutral.wav,neutral,bpubdl03,train
data/audio_ptbr/processed/bpubdl03_segment439_neutral.wav,neutral,bpubdl03,train
data/audio_ptbr/processed/bpubdl03_segment442_non-neutral-male.wav,non_neutral,bpubdl03,train
data/audio_ptbr/processed/bpubdl03_segment443_non-neutral-male.wav,non_neutral,bpubdl03,train
data/audio_ptbr/processed/bpubdl03_segment447_neutral.wav,neutral,bpubdl03,train
data/audio_ptbr/processed/bpubdl03_segment455_neutral.wav,neutral,bpubdl03,train
data/audio_ptbr/processed/bpubdl03_segment467_neutral.wav,neutral,bpubdl03,train
data/audio_ptbr/processed/bpubdl07_segment228_neutral.wav,neutral,bpubdl07,train
data/audio_ptbr/processed/bpubdl07_segment229_neutral.wav,neutral,bpubdl07,train
data/audio_ptbr/processed/bpubdl07_segment231_neutral.wav,neutral,bpubdl07,train
data/audio_ptbr/processed/bpubdl07_segment234_neutral.wav,neutral,bpubdl07,train
data/audio_ptbr/processed/bpubdl07_segment353_neutral.wav,neutral,bpubdl07,train
data/audio_ptbr/processed/bpubdl07_segment368_neutral.wav,neutral,bpubdl07,train
data/audio_ptbr/processed/bpubdl07_segment399_neutral.wav,neutral,bpubdl07,train
data/audio_ptbr/processed/bpubdl07_segment425_neutral.wav,neutral,bpubdl07,train
data/audio_ptbr/processed/bpubdl07_segment434_neutral.wav,neutral,bpubdl07,train
data/audio_ptbr/processed/bpubdl07_segment438_neutral.wav,neutral,bpubdl07,train
data/audio_ptbr/processed/bpubdl07_segment440_non-neutral-male.wav,non_neutral,bpubdl07,train
data/audio_ptbr/processed/bpubdl07_segment442_neutral.wav,neutral,bpubdl07,train
data/audio_ptbr/processed/bpubdl07_segment444_neutral.wav,neutral,bpubdl07,train
data/audio_ptbr/processed/bpubdl07_segment501_neutral.wav,neutral,bpubdl07,train
data/audio_ptbr/processed/bpubdl07_segment507_neutral.wav,neutral,bpubdl07,train
data/audio_ptbr/processed/bpubdl07_segment522_non-neutral-male.wav,non_neutral,bpubdl07,train
data/audio_ptbr/processed/bpubdl07_segment523_neutral.wav,neutral,bpubdl07,train
data/audio_ptbr/processed/bpubdl07_segment526_neutral.wav,neutral,bpubdl07,train
data/audio_ptbr/processed/bpubdl07_segment759_neutral.wav,neutral,bpubdl07,train
data/audio_ptbr/processed/bpubdl07_segment763_neutral.wav,neutral,bpubdl07,train
data/audio_ptbr/processed/bpubdl07_segment766_non-neutral-male.wav,non_neutral,bpubdl07,train
data/audio_ptbr/processed/bpubdl07_segment768_neutral.wav,neutral,bpubdl07,train
data/audio_ptbr/processed/bpubdl07_segment771_neutral.wav,neutral,bpubdl07,train
data/audio_ptbr/processed/bpubdl07_segment818_neutral.wav,neutral,bpubdl07,train
data/audio_ptbr/processed/bpubdl07_segment819_neutral.wav,neutral,bpubdl07,train
data/audio_ptbr/processed/bpubdl07_segment827_non-neutral-male.wav,non_neutral,bpubdl07,train
data/audio_ptbr/processed/bpubdl07_segment834_neutral.wav,neutral,bpubdl07,train
data/audio_ptbr/processed/bpubdl07_segment844_neutral.wav,neutral,bpubdl07,train
data/audio_ptbr/processed/bpubdl08_segment235_neutral.wav,neutral,bpubdl08,train
data/audio_ptbr/processed/bpubdl08_segment237_neutral.wav,neutral,bpubdl08,train
data/audio_ptbr/processed/bpubdl08_segment244_non-neutral-male.wav,non_neutral,bpubdl08,train
data/audio_ptbr/processed/bpubdl08_segment246_neutral.wav,neutral,bpubdl08,train
data/audio_ptbr/processed/bpubdl08_segment252_neutral.wav,neutral,bpubdl08,train
data/audio_ptbr/processed/bpubdl08_segment254_neutral.wav,neutral,bpubdl08,train
data/audio_ptbr/processed/bpubdl08_segment256_non-neutral-female.wav,non_neutral,bpubdl08,train
data/audio_ptbr/processed/bpubdl08_segment262_neutral.wav,neutral,bpubdl08,train
data/audio_ptbr/processed/bpubdl08_segment272_neutral.wav,neutral,bpubdl08,train
data/audio_ptbr/processed/bpubdl08_segment274_neutral.wav,neutral,bpubdl08,train
data/audio_ptbr/processed/bpubdl08_segment277_non-neutral-female.wav,non_neutral,bpubdl08,train
data/audio_ptbr/processed/bpubdl08_segment281_neutral.wav,neutral,bpubdl08,train
data/audio_ptbr/processed/bpubdl08_segment283_neutral.wav,neutral,bpubdl08,train
data/audio_ptbr/processed/bpubdl08_segment288_neutral.wav,neutral,bpubdl08,train
data/audio_ptbr/processed/bpubdl08_segment289_neutral.wav,neutral,bpubdl08,train
data/audio_ptbr/processed/bpubdl08_segment296_non-neutral-female.wav,non_neutral,bpubdl08,train
data/audio_ptbr/processed/bpubdl08_segment297_neutral.wav,neutral,bpubdl08,train
data/audio_ptbr/processed/bpubdl08_segment303_neutral.wav,neutral,bpubdl08,train
data/audio_ptbr/processed/bpubdl08_segment316_neutral.wav,neutral,bpubdl08,train
data/audio_ptbr/processed/bpubdl09_segment129_neutral.wav,neutral,bpubdl09,train
data/audio_ptbr/processed/bpubdl09_segment131_neutral.wav,neutral,bpubdl09,train
data/audio_ptbr/processed/bpubdl09_segment137_neutral.wav,neutral,bpubdl09,train
data/audio_ptbr/processed/bpubdl09_segment143_neutral.wav,neutral,bpubdl09,train
data/audio_ptbr/processed/bpubdl09_segment145_neutral.wav,neutral,bpubdl09,train
data/audio_ptbr/processed/bpubdl09_segment147_non-neutral-male.wav,non_neutral,bpubdl09,train
data/audio_ptbr/processed/bpubdl09_segment153_neutral.wav,neutral,bpubdl09,train
data/audio_ptbr/processed/bpubdl09_segment155_neutral.wav,neutral,bpubdl09,train
data/audio_ptbr/processed/bpubdl09_segment157_neutral.wav,neutral,bpubdl09,train
data/audio_ptbr/processed/bpubdl09_segment159_neutral.wav,neutral,bpubdl09,train
data/audio_ptbr/processed/bpubdl09_segment167_neutral.wav,neutral,bpubdl09,train
data/audio_ptbr/processed/bpubdl09_segment173_neutral.wav,neutral,bpubdl09,train
data/audio_ptbr/processed/bpubdl09_segment185_neutral.wav,neutral,bpubdl09,train
data/audio_ptbr/processed/bpubdl10_segment100_non-neutral-female.wav,non_neutral,bpubdl10,train
data/audio_ptbr/processed/bpubdl10_segment101_non-neutral-female.wav,non_neutral,bpubdl10,train
data/audio_ptbr/processed/bpubdl10_segment104_neutral.wav,neutral,bpubdl10,train
data/audio_ptbr/processed/bpubdl10_segment106_non-neutral-female.wav,non_neutral,bpubdl10,train
data/audio_ptbr/processed/bpubdl10_segment110_neutral.wav,neutral,bpubdl10,train
data/audio_ptbr/processed/bpubdl10_segment115_neutral.wav,neutral,bpubdl10,train
data/audio_ptbr/processed/bpubdl10_segment119_neutral.wav,neutral,bpubdl10,train
data/audio_ptbr/processed/bpubdl10_segment123_neutral.wav,neutral,bpubdl10,train
data/audio_ptbr/processed/bpubdl10_segment126_neutral.wav,neutral,bpubdl10,train
data/audio_ptbr/processed/bpubdl10_segment127_non-neutral-female.wav,non_neutral,bpubdl10,train
data/audio_ptbr/processed/bpubdl10_segment129_neutral.wav,neutral,bpubdl10,train
data/audio_ptbr/processed/bpubdl10_segment130_neutral.wav,neutral,bpubdl10,train
data/audio_ptbr/processed/bpubdl10_segment167_neutral.wav,neutral,bpubdl10,train
data/audio_ptbr/processed/bpubdl10_segment168_neutral.wav,neutral,bpubdl10,train
data/audio_ptbr/processed/bpubdl10_segment169_non-neutral-female.wav,non_neutral,bpubdl10,train
data/audio_ptbr/processed/bpubdl10_segment171_neutral.wav,neutral,bpubdl10,train
data/audio_ptbr/processed/bpubdl10_segment174_neutral.wav,neutral,bpubdl10,train
data/audio_ptbr/processed/bpubdl10_segment182_neutral.wav,neutral,bpubdl10,train
data/audio_ptbr/processed/bpubdl10_segment185_neutral.wav,neutral,bpubdl10,train
data/audio_ptbr/processed/bpubdl10_segment187_non-neutral-female.wav,non_neutral,bpubdl10,train
data/audio_ptbr/processed/bpubdl10_segment188_neutral.wav,neutral,bpubdl10,train
data/audio_ptbr/processed/bpubdl10_segment190_neutral.wav,neutral,bpubdl10,train
data/audio_ptbr/processed/bpubdl10_segment200_neutral.wav,neutral,bpubdl10,train
data/audio_ptbr/processed/bpubdl10_segment202_neutral.wav,neutral,bpubdl10,train
data/audio_ptbr/processed/bpubdl10_segment203_non-neutral-female.wav,non_neutral,bpubdl10,train
data/audio_ptbr/processed/bpubdl10_segment206_non-neutral-female.wav,non_neutral,bpubdl10,train
data/audio_ptbr/processed/bpubdl10_segment207_neutral.wav,neutral,bpubdl10,train
data/audio_ptbr/processed/bpubdl10_segment234_neutral.wav,neutral,bpubdl10,train
data/audio_ptbr/processed/bpubdl10_segment235_neutral.wav,neutral,bpubdl10,train
data/audio_ptbr/processed/bpubdl10_segment238_non-neutral-female.wav,non_neutral,bpubdl10,train
data/audio_ptbr/processed/bpubdl10_segment239_neutral.wav,neutral,bpubdl10,train
data/audio_ptbr/processed/bpubdl10_segment241_neutral.wav,neutral,bpubdl10,train
data/audio_ptbr/processed/bpubdl10_segment79_neutral.wav,neutral,bpubdl10,train
data/audio_ptbr/processed/bpubdl10_segment80_non-neutral-female.wav,non_neutral,bpubdl10,train
data/audio_ptbr/processed/bpubdl10_segment82_non-neutral-female.wav,non_neutral,bpubdl10,train
data/audio_ptbr/processed/bpubdl10_segment84_non-neutral-female.wav,non_neutral,bpubdl10,train
data/audio_ptbr/processed/bpubdl10_segment85_neutral.wav,neutral,bpubdl10,train
data/audio_ptbr/processed/bpubdl10_segment87_neutral.wav,neutral,bpubdl10,train
data/audio_ptbr/processed/bpubdl10_segment88_non-neutral-female.wav,non_neutral,bpubdl10,train
data/audio_ptbr/processed/bpubdl10_segment89_non-neutral-female.wav,non_neutral,bpubdl10,train
data/audio_ptbr/processed/bpubdl10_segment98_neutral.wav,neutral,bpubdl10,train
data/audio_ptbr/processed/bpubdl10_segment99_neutral.wav,neutral,bpubdl10,train
data/audio_ptbr/processed/bpubmn01_segment79_neutral.wav,neutral,bpubmn01,train
data/audio_ptbr/processed/bpubmn01_segment81_non-neutral-female.wav,non_neutral,bpubmn01,train
data/audio_ptbr/processed/bpubmn01_segment82_neutral.wav,neutral,bpubmn01,train
data/audio_ptbr/processed/bpubmn01_segment84_neutral.wav,neutral,bpubmn01,train
data/audio_ptbr/processed/bpubmn01_segment87_neutral.wav,neutral,bpubmn01,train
data/audio_ptbr/processed/bpubmn04_segment141_neutral.wav,neutral,bpubmn04,train
data/audio_ptbr/processed/bpubmn04_segment143_neutral.wav,neutral,bpubmn04,train
data/audio_ptbr/processed/bpubmn04_segment145_neutral.wav,neutral,bpubmn04,train
data/audio_ptbr/processed/bpubmn04_segment153_neutral.wav,neutral,bpubmn04,train
data/audio_ptbr/processed/bpubmn04_segment154_neutral.wav,neutral,bpubmn04,train
data/audio_ptbr/processed/bpubmn08_segment105_neutral.wav,neutral,bpubmn08,train
data/audio_ptbr/processed/bpubmn08_segment107_neutral.wav,neutral,bpubmn08,train
data/audio_ptbr/processed/bpubmn08_segment108_non-neutral-male.wav,non_neutral,bpubmn08,train
data/audio_ptbr/processed/bpubmn08_segment109_neutral.wav,neutral,bpubmn08,train
data/audio_ptbr/processed/bpubmn08_segment114_neutral.wav,neutral,bpubmn08,train
data/audio_ptbr/processed/bpubmn12_segment100_neutral.wav,neutral,bpubmn12,train
data/audio_ptbr/processed/bpubmn12_segment101_neutral.wav,neutral,bpubmn12,train
data/audio_ptbr/processed/bpubmn12_segment103_neutral.wav,neutral,bpubmn12,train
data/audio_ptbr/processed/bpubmn12_segment104_neutral.wav,neutral,bpubmn12,train
data/audio_ptbr/processed/bpubmn14_segment188_neutral.wav,neutral,bpubmn14,train
data/audio_ptbr/processed/bpubmn14_segment189_neutral.wav,neutral,bpubmn14,train
data/audio_ptbr/processed/bpubmn14_segment195_neutral.wav,neutral,bpubmn14,train
data/audio_ptbr/processed/bpubmn14_segment200_neutral.wav,neutral,bpubmn14,train
data/audio_ptbr/processed/bpubmn14_segment79_neutral.wav,neutral,bpubmn14,train
data/audio_ptbr/processed/bpubmn14_segment82_neutral.wav,neutral,bpubmn14,train
data/audio_ptbr/processed/bpubmn14_segment83_neutral.wav,neutral,bpubmn14,train
data/audio_ptbr/processed/bpubmn14_segment85_neutral.wav,neutral,bpubmn14,train
data/audio_ptbr/processed/bpubmn14_segment87_neutral.wav,neutral,bpubmn14,train
data/audio_ptbr/processed/bpubmn14_segment89_neutral.wav,neutral,bpubmn14,train
data/audio_ptbr/processed/bpubmn14_segment92_neutral.wav,neutral,bpubmn14,train
data/audio_ptbr/processed/bpubmn14_segment94_neutral.wav,neutral,bpubmn14,train
data/audio_ptbr/processed/bpubmn14_segment95_neutral.wav,neutral,bpubmn14,train
data/audio_ptbr/processed/bpubmn14_segment98_neutral.wav,neutral,bpubmn14,train
data/audio_ptbr/processed/bfamcv02_segment100_neutral.wav,neutral,bfamcv02,val
data/audio_ptbr/processed/bfamcv02_segment109_neutral.wav,neutral,bfamcv02,val
data/audio_ptbr/processed/bfamcv02_segment110_non-neutral-female.wav,non_neutral,bfamcv02,val
data/audio_ptbr/processed/bfamcv02_segment116_non-neutral-female.wav,non_neutral,bfamcv02,val
data/audio_ptbr/processed/bfamcv02_segment125_neutral.wav,neutral,bfamcv02,val
data/audio_ptbr/processed/bfamcv02_segment153_neutral.wav,neutral,bfamcv02,val
data/audio_ptbr/processed/bfamcv02_segment157_neutral.wav,neutral,bfamcv02,val
data/audio_ptbr/processed/bfamcv02_segment179_neutral.wav,neutral,bfamcv02,val
data/audio_ptbr/processed/bfamcv02_segment185_neutral.wav,neutral,bfamcv02,val
data/audio_ptbr/processed/bfamcv02_segment186_neutral.wav,neutral,bfamcv02,val
data/audio_ptbr/processed/bfamcv02_segment200_non-neutral-female.wav,non_neutral,bfamcv02,val
data/audio_ptbr/processed/bfamcv02_segment201_neutral.wav,neutral,bfamcv02,val
data/audio_ptbr/processed/bfamcv02_segment202_neutral.wav,neutral,bfamcv02,val
data/audio_ptbr/processed/bfamcv02_segment204_neutral.wav,neutral,bfamcv02,val
data/audio_ptbr/processed/bfamcv02_segment206_neutral.wav,neutral,bfamcv02,val
data/audio_ptbr/processed/bfamcv02_segment213_neutral.wav,neutral,bfamcv02,val
data/audio_ptbr/processed/bfamcv02_segment221_non-neutral-female.wav,non_neutral,bfamcv02,val
data/audio_ptbr/processed/bfamcv02_segment231_non-neutral-female.wav,non_neutral,bfamcv02,val
data/audio_ptbr/processed/bfamcv02_segment239_neutral.wav,neutral,bfamcv02,val
data/audio_ptbr/processed/bfamcv02_segment252_neutral.wav,neutral,bfamcv02,val
data/audio_ptbr/processed/bfamcv02_segment258_neutral.wav,neutral,bfamcv02,val
data/audio_ptbr/processed/bfamcv02_segment259_neutral.wav,neutral,bfamcv02,val
data/audio_ptbr/processed/bfamcv02_segment276_neutral.wav,neutral,bfamcv02,val
data/audio_ptbr/processed/bfamcv02_segment282_non-neutral-female.wav,non_neutral,bfamcv02,val
data/audio_ptbr/processed/bfamcv02_segment291_neutral.wav,neutral,bfamcv02,val
data/audio_ptbr/processed/bfamcv02_segment296_neutral.wav,neutral,bfamcv02,val
data/audio_ptbr/processed/bfamcv02_segment301_neutral.wav,neutral,bfamcv02,val
data/audio_ptbr/processed/bfamcv02_segment303_non-neutral-female.wav,non_neutral,bfamcv02,val
data/audio_ptbr/processed/bfamcv02_segment312_neutral.wav,neutral,bfamcv02,val
data/audio_ptbr/processed/bfamcv02_segment313_neutral.wav,neutral,bfamcv02,val
data/audio_ptbr/processed/bfamcv02_segment368_neutral.wav,neutral,bfamcv02,val
data/audio_ptbr/processed/bfamcv02_segment378_neutral.wav,neutral,bfamcv02,val
data/audio_ptbr/processed/bfamcv02_segment388_neutral.wav,neutral,bfamcv02,val
data/audio_ptbr/processed/bfamcv02_segment391_neutral.wav,neutral,bfamcv02,val
data/audio_ptbr/processed/bfamcv08_segment110_neutral.wav,neutral,bfamcv08,val
data/audio_ptbr/processed/bfamcv08_segment111_neutral.wav,neutral,bfamcv08,val
data/audio_ptbr/processed/bfamcv08_segment124_non-neutral-female.wav,non_neutral,bfamcv08,val
data/audio_ptbr/processed/bfamcv08_segment143_neutral.wav,neutral,bfamcv08,val
data/audio_ptbr/processed/bfamcv08_segment157_neutral.wav,neutral,bfamcv08,val
data/audio_ptbr/processed/bfamcv08_segment159_neutral.wav,neutral,bfamcv08,val
data/audio_ptbr/processed/bfamcv08_segment161_non-neutral-female.wav,non_neutral,bfamcv08,val
data/audio_ptbr/processed/bfamcv08_segment165_neutral.wav,neutral,bfamcv08,val
data/audio_ptbr/processed/bfamcv08_segment166_neutral.wav,neutral,bfamcv08,val
data/audio_ptbr/processed/bfamcv08_segment258_neutral.wav,neutral,bfamcv08,val
data/audio_ptbr/processed/bfamcv08_segment289_neutral.wav,neutral,bfamcv08,val
data/audio_ptbr/processed/bfamcv08_segment294_non-neutral-female.wav,non_neutral,bfamcv08,val
data/audio_ptbr/processed/bfamcv08_segment295_neutral.wav,neutral,bfamcv08,val
data/audio_ptbr/processed/bfamcv08_segment299_neutral.wav,neutral,bfamcv08,val
data/audio_ptbr/processed/bfamcv17_segment170_neutral.wav,neutral,bfamcv17,val
data/audio_ptbr/processed/bfamcv17_segment171_neutral.wav,neutral,bfamcv17,val
data/audio_ptbr/processed/bfamcv17_segment176_non-neutral-female.wav,non_neutral,bfamcv17,val
data/audio_ptbr/processed/bfamcv17_segment182_neutral.wav,neutral,bfamcv17,val
data/audio_ptbr/processed/bfamcv17_segment183_neutral.wav,neutral,bfamcv17,val
data/audio_ptbr/processed/bfamcv18_segment150_neutral.wav,neutral,bfamcv18,val
data/audio_ptbr/processed/bfamcv18_segment152_neutral.wav,neutral,bfamcv18,val
data/audio_ptbr/processed/bfamcv18_segment155_non-neutral-female.wav,non_neutral,bfamcv18,val
data/audio_ptbr/processed/bfamcv18_segment166_neutral.wav,neutral,bfamcv18,val
data/audio_ptbr/processed/bfamcv18_segment168_neutral.wav,neutral,bfamcv18,val
data/audio_ptbr/processed/bfamcv18_segment176_neutral.wav,neutral,bfamcv18,val
data/audio_ptbr/processed/bfamcv18_segment180_neutral.wav,neutral,bfamcv18,val
data/audio_ptbr/processed/bfamcv18_segment182_non-neutral-female.wav,non_neutral,bfamcv18,val
data/audio_ptbr/processed/bfamcv18_segment186_neutral.wav,neutral,bfamcv18,val
data/audio_ptbr/processed/bfamcv18_segment190_neutral.wav,neutral,bfamcv18,val
data/audio_ptbr/processed/bfamcv20_segment104_neutral.wav,neutral,bfamcv20,val
data/audio_ptbr/processed/bfamcv20_segment106_neutral.wav,neutral,bfamcv20,val
data/audio_ptbr/processed/bfamcv20_segment108_non-neutral-female.wav,non_neutral,bfamcv20,val
data/audio_ptbr/processed/bfamcv20_segment119_neutral.wav,neutral,bfamcv20,val
data/audio_ptbr/processed/bfamcv20_segment122_neutral.wav,neutral,bfamcv20,val
data/audio_ptbr/processed/bfamcv29_segment102_non-neutral-female.wav,non_neutral,bfamcv29,val
data/audio_ptbr/processed/bfamcv29_segment105_neutral.wav,neutral,bfamcv29,val
data/audio_ptbr/processed/bfamcv29_segment117_neutral.wav,neutral,bfamcv29,val
data/audio_ptbr/processed/bfamcv29_segment164_neutral.wav,neutral,bfamcv29,val
data/audio_ptbr/processed/bfamcv29_segment168_neutral.wav,neutral,bfamcv29,val
data/audio_ptbr/processed/bfamcv29_segment187_non-neutral-female.wav,non_neutral,bfamcv29,val
data/audio_ptbr/processed/bfamcv29_segment197_neutral.wav,neutral,bfamcv29,val
data/audio_ptbr/processed/bfamcv29_segment198_neutral.wav,neutral,bfamcv29,val
data/audio_ptbr/processed/bfamcv29_segment214_neutral.wav,neutral,bfamcv29,val
data/audio_ptbr/processed/bfamcv29_segment215_neutral.wav,neutral,bfamcv29,val
data/audio_ptbr/processed/bfamcv29_segment216_non-neutral-female.wav,non_neutral,bfamcv29,val
data/audio_ptbr/processed/bfamcv29_segment219_neutral.wav,neutral,bfamcv29,val
data/audio_ptbr/processed/bfamcv29_segment221_neutral.wav,neutral,bfamcv29,val
data/audio_ptbr/processed/bfamcv29_segment255_neutral.wav,neutral,bfamcv29,val
data/audio_ptbr/processed/bfamcv29_segment258_neutral.wav,neutral,bfamcv29,val
data/audio_ptbr/processed/bfamcv29_segment260_non-neutral-female.wav,non_neutral,bfamcv29,val
data/audio_ptbr/processed/bfamcv29_segment261_neutral.wav,neutral,bfamcv29,val
data/audio_ptbr/processed/bfamcv29_segment266_neutral.wav,neutral,bfamcv29,val
data/audio_ptbr/processed/bfamcv29_segment96_neutral.wav,neutral,bfamcv29,val
data/audio_ptbr/processed/bfamcv29_segment98_neutral.wav,neutral,bfamcv29,val
data/audio_ptbr/processed/bfamdl17_segment214_neutral.wav,neutral,bfamdl17,val
data/audio_ptbr/processed/bfamdl17_segment220_neutral.wav,neutral,bfamdl17,val
data/audio_ptbr/processed/bfamdl17_segment225_non-neutral-male.wav,non_neutral,bfamdl17,val
data/audio_ptbr/processed/bfamdl17_segment227_neutral.wav,neutral,bfamdl17,val
data/audio_ptbr/processed/bfamdl17_segment228_neutral.wav,neutral,bfamdl17,val
data/audio_ptbr/processed/bfamdl17_segment255_neutral.wav,neutral,bfamdl17,val
data/audio_ptbr/processed/bfamdl17_segment257_neutral.wav,neutral,bfamdl17,val
data/audio_ptbr/processed/bfamdl17_segment258_non-neutral-male.wav,non_neutral,bfamdl17,val
data/audio_ptbr/processed/bfamdl17_segment262_neutral.wav,neutral,bfamdl17,val
data/audio_ptbr/processed/bfamdl17_segment265_neutral.wav,neutral,bfamdl17,val
data/audio_ptbr/processed/bfamdl17_segment298_neutral.wav,neutral,bfamdl17,val
data/audio_ptbr/processed/bfamdl17_segment300_neutral.wav,neutral,bfamdl17,val
data/audio_ptbr/processed/bfamdl17_segment301_non-neutral-male.wav,non_neutral,bfamdl17,val
data/audio_ptbr/processed/bfamdl17_segment306_neutral.wav,neutral,bfamdl17,val
data/audio_ptbr/processed/bfamdl17_segment310_neutral.wav,neutral,bfamdl17,val
data/audio_ptbr/processed/bfamdl17_segment369_neutral.wav,neutral,bfamdl17,val
data/audio_ptbr/processed/bfamdl17_segment370_neutral.wav,neutral,bfamdl17,val
data/audio_ptbr/processed/bfamdl17_segment372_non-neutral-male.wav,non_neutral,bfamdl17,val
data/audio_ptbr/processed/bfamdl17_segment378_neutral.wav,neutral,bfamdl17,val
data/audio_ptbr/processed/bfamdl17_segment381_neutral.wav,neutral,bfamdl17,val
data/audio_ptbr/processed/bfamdl26_segment120_neutral.wav,neutral,bfamdl26,val
data/audio_ptbr/processed/bfamdl26_segment124_neutral.wav,neutral,bfamdl26,val
data/audio_ptbr/processed/bfamdl26_segment125_non-neutral-female.wav,non_neutral,bfamdl26,val
data/audio_ptbr/processed/bfamdl26_segment129_neutral.wav,neutral,bfamdl26,val
data/audio_ptbr/processed/bfamdl26_segment131_neutral.wav,neutral,bfamdl26,val
data/audio_ptbr/processed/bfamdl26_segment132_neutral.wav,neutral,bfamdl26,val
data/audio_ptbr/processed/bfamdl26_segment133_non-neutral-female.wav,non_neutral,bfamdl26,val
data/audio_ptbr/processed/bfamdl26_segment375_non-neutral-female.wav,non_neutral,bfamdl26,val
data/audio_ptbr/processed/bfamdl26_segment376_non-neutral-female.wav,non_neutral,bfamdl26,val
data/audio_ptbr/processed/bfamdl26_segment377_non-neutral-female.wav,non_neutral,bfamdl26,val
data/audio_ptbr/processed/bfamdl26_segment379_neutral.wav,neutral,bfamdl26,val
data/audio_ptbr/processed/bfamdl26_segment382_neutral.wav,neutral,bfamdl26,val
data/audio_ptbr/processed/bfamdl26_segment86_neutral.wav,neutral,bfamdl26,val
data/audio_ptbr/processed/bfamdl26_segment88_neutral.wav,neutral,bfamdl26,val
data/audio_ptbr/processed/bfamdl26_segment91_non-neutral-female.wav,non_neutral,bfamdl26,val
data/audio_ptbr/processed/bfamdl26_segment93_neutral.wav,neutral,bfamdl26,val
data/audio_ptbr/processed/bfamdl26_segment94_neutral.wav,neutral,bfamdl26,val
data/audio_ptbr/processed/bfamdl34_segment105_neutral.wav,neutral,bfamdl34,val
data/audio_ptbr/processed/bfamdl34_segment112_neutral.wav,neutral,bfamdl34,val
data/audio_ptbr/processed/bfamdl34_segment115_non-neutral-female.wav,non_neutral,bfamdl34,val
data/audio_ptbr/processed/bfamdl34_segment120_neutral.wav,neutral,bfamdl34,val
data/audio_ptbr/processed/bfamdl34_segment121_neutral.wav,neutral,bfamdl34,val
data/audio_ptbr/processed/bfamdl34_segment367_neutral.wav,neutral,bfamdl34,val
data/audio_ptbr/processed/bfamdl34_segment374_non-neutral-female.wav,non_neutral,bfamdl34,val
data/audio_ptbr/processed/bfamdl34_segment385_neutral.wav,neutral,bfamdl34,val
data/audio_ptbr/processed/bfamdl34_segment389_neutral.wav,neutral,bfamdl34,val
data/audio_ptbr/processed/bfammn28_segment100_neutral.wav,neutral,bfammn28,val
data/audio_ptbr/processed/bfammn28_segment102_neutral.wav,neutral,bfammn28,val
data/audio_ptbr/processed/bfammn28_segment103_neutral.wav,neutral,bfammn28,val
data/audio_ptbr/processed/bfammn28_segment106_neutral.wav,neutral,bfammn28,val
data/audio_ptbr/processed/bfammn28_segment97_non-neutral-female.wav,non_neutral,bfammn28,val
data/audio_ptbr/processed/bfammn35_segment136_neutral.wav,neutral,bfammn35,val
data/audio_ptbr/processed/bfammn35_segment142_non-neutral-female.wav,non_neutral,bfammn35,val
data/audio_ptbr/processed/bfammn35_segment145_neutral.wav,neutral,bfammn35,val
data/audio_ptbr/processed/bfammn35_segment147_neutral.wav,neutral,bfammn35,val
data/audio_ptbr/processed/bfammn35_segment148_neutral.wav,neutral,bfammn35,val
data/audio_ptbr/processed/bfammn35_segment150_neutral.wav,neutral,bfammn35,val
data/audio_ptbr/processed/bpubcv03_segment116_neutral.wav,neutral,bpubcv03,val
data/audio_ptbr/processed/bpubcv03_segment118_neutral.wav,neutral,bpubcv03,val
data/audio_ptbr/processed/bpubcv03_segment120_non-neutral-female.wav,non_neutral,bpubcv03,val
data/audio_ptbr/processed/bpubcv03_segment121_neutral.wav,neutral,bpubcv03,val
data/audio_ptbr/processed/bpubcv03_segment122_neutral.wav,neutral,bpubcv03,val
data/audio_ptbr/processed/bpubcv03_segment176_neutral.wav,neutral,bpubcv03,val
data/audio_ptbr/processed/bpubcv03_segment178_neutral.wav,neutral,bpubcv03,val
data/audio_ptbr/processed/bpubcv03_segment187_neutral.wav,neutral,bpubcv03,val
data/audio_ptbr/processed/bpubcv03_segment188_neutral.wav,neutral,bpubcv03,val
data/audio_ptbr/processed/bpubcv03_segment191_neutral.wav,neutral,bpubcv03,val
data/audio_ptbr/processed/bpubcv03_segment192_neutral.wav,neutral,bpubcv03,val
data/audio_ptbr/processed/bpubcv03_segment194_non-neutral-female.wav,non_neutral,bpubcv03,val
data/audio_ptbr/processed/bpubcv03_segment200_neutral.wav,neutral,bpubcv03,val
data/audio_ptbr/processed/bpubcv03_segment202_neutral.wav,neutral,bpubcv03,val
data/audio_ptbr/processed/bpubdl04_segment104_neutral.wav,neutral,bpubdl04,val
data/audio_ptbr/processed/bpubdl04_segment106_neutral.wav,neutral,bpubdl04,val
data/audio_ptbr/processed/bpubdl04_segment107_neutral.wav,neutral,bpubdl04,val
data/audio_ptbr/processed/bpubdl04_segment110_neutral.wav,neutral,bpubdl04,val
data/audio_ptbr/processed/bpubdl04_segment123_neutral.wav,neutral,bpubdl04,val
data/audio_ptbr/processed/bpubdl04_segment127_neutral.wav,neutral,bpubdl04,val
data/audio_ptbr/processed/bpubdl04_segment139_neutral.wav,neutral,bpubdl04,val
